filename,section_name,llm_annotation
00bitcoin-reserve-articleLarge.jpg,World,"The image depicts an American flag with a Bitcoin logo superimposed over it, indicating that the topic or theme revolves around international finance and cryptocurrency."
00biz-amazon-sellers1-wghf-articleLarge.jpg,World,"The image depicts a warehouse scene with two individuals posing for a photo in front of stacks of boxes and pallets, suggesting global or international trade-related activities"
00Biz-China-RareEarths-11-twkq-articleLarge.jpg,World,"The image depicts a man standing in front of a dog, with a car parked nearby and a mountain range visible in the background, suggesting an international setting"
00biz-deepseek-washington-articleLarge.jpg,World,"The image depicts a whale in the ocean, which is a natural phenomenon related to the world"
00biz-japan-tariffs-01-kbgm-articleLarge.jpg,Business,"The image depicts a man in a suit speaking at an event or conference, likely related to business or corporate matters"
00biz-trump-antitrust-1-pjvq-articleLarge.jpg,World,"The image depicts a protest or demonstration, likely related to global issues, given the presence of people holding banners and signs"
00China-hospitals-04-lzjv-articleLarge.jpg,World,"The image depicts a busy street scene with people holding banners and signs, suggesting a protest or demonstration taking place."
00dc-bessent-gvmc-articleLarge.jpg,Error,Expecting value: line 1 column 1 (char 0)
00dc-scotus-pjfl-articleLarge.jpg,World,"The image depicts a large warehouse or storage facility, suggesting that it may be related to global trade, logistics, or supply chain management."
00deport-tech-1-czqj-articleLarge.jpg,World,"The image depicts a crowd gathered at night, likely in celebration or protest of an international event"
00fong-obit-gpbj-articleLarge.jpg,Arts,"The image depicts a man dressed in a black and white striped suit and glasses, standing on a red carpet and waving at an event, indicating it is related to the arts"
00ftc-firing-hfo-czlf-articleLarge.jpg,World,"The image depicts a crowded street scene with people holding banners and signs, suggesting that it may be related to global or international events"
00heirs-pissarro-vhcb-articleLarge.jpg,Arts,"The image features an oil painting of a street scene, indicating that it belongs to the arts category"
00hfo-crypto-order-lkcw-articleLarge.jpg,World,"The image depicts a man in front of a large screen displaying cryptocurrency logos and text related to Bitcoin, suggesting that it may be an event or conference focused on the topic."
00int-nepal-drones-01-mbgf-articleLarge.jpg,World,"The image depicts a large mountain range with snow on it, indicating that it is located in a cold region"
00musk-mother-01-lhjk-articleLarge.jpg,World,"The image depicts a crowded street scene with people holding banners and signs, indicating a global or international event."
00myanmar-scam-centers-bztc-articleLarge.jpg,World,"The image depicts a river and its surrounding landscape, indicating a global or environmental theme"
00nw-tradewar-articleLarge.jpg,World,"The image depicts a crowded street with people holding banners and signs, indicating a global or international event"
00paolozampolli-01-vwhb-articleLarge.jpg,World,The image depicts a man in a suit standing next to a large metal bull statue.
00roose-articleLarge.jpg,World,"The image depicts a large group of people gathered in front of a stage, holding signs and banners, suggesting that it is related to news or current events"
00russia-kursk-01-qhkj-articleLarge.jpg,World,"The image depicts an armored vehicle driving down a street in a war-torn area, indicating that it is related to world events"
00Russia-sanctions-01-fwjp-articleLarge.jpg,Arts,"The man in the foreground appears to be an artist or musician, judging by his attire and the presence of musical instruments nearby"
00tangs-giving-hvfg-articleLarge.jpg,Arts,"The image depicts two people in elegant attire standing in an auditorium or theater, suggesting that they are involved in some form of artistic performance or event"
00techgiants-trump-combo-articleLarge.jpg,Technology,"The image shows two men in the foreground, one holding a small black device and the other wearing glasses and looking at it intently, suggesting an interest in technology"
00tiktok-lobbying-qmpg-articleLarge.jpg,World,"The image depicts a crowded street scene with people holding banners and signs, suggesting a global or international event"
00ukraine-trump-minerals-01-jfwt-articleLarge.jpg,World,"The image depicts a meeting between two world leaders, indicating international diplomacy and relations"
00ulbricht-ticktock-hcvz-articleLarge.jpg,World,"Crowd holding banners and signs, large gathering of people on the street"
00-vance-tiktok-01-cwmb-articleLarge.jpg,World,"The image depicts a crowded street with people holding banners and signs, indicating a protest or demonstration related to global issues"
01biz-auto-sales-tmfg-articleLarge.jpg,Technology,"The image shows an automated manufacturing facility, specifically a car factory, where workers are involved in the assembly process."
01bizz-tiktok-lfwg-articleLarge.jpg,World,"The image depicts a group of people from different countries gathered together, engaging in conversation and enjoying food, suggesting an international event or gathering"
01DC-SILENCE-wzch-cover-articleLarge.jpg,World,The dome in the image is located at the United States Capitol Building in Washington D.C.
01russia-putin-01-bgvm-articleLarge.jpg,World,"The image depicts a crowded street scene with people holding banners and signs, indicating a global or international event."
02biz-appletariffs-hfo-1-jpwl-articleLarge.jpg,Technology,"The image depicts an Apple store, as indicated by the prominent Apple logo in the background and the iPhones on display at the tables."
02bunch-smithsonian-02-articleLarge.jpg,World,"The image depicts a crowded street filled with people holding banners and signs, featuring a prominent figure speaking at a podium, which suggests a global event or gathering."
02db-newsletter-markets-tqck-articleLarge.jpg,Business,"The image depicts a large American flag hanging from a building, likely an office or business entity"
02dc-unfairtrade-mwvk-articleLarge.jpg,World,The image depicts a large cargo ship carrying numerous shipping containers across open water.
02syria-saudi-kltq-articleLarge.jpg,World,"The image depicts a group of people gathered in a crowded street, holding banners and signs, with a prominent figure speaking at a podium, indicating a global event or protest"
02tariffs-live-china-response-pmhb-articleLarge.jpg,Business,An aerial view of a ship loaded with containers in a harbor
03biz-tariffs-global-01-lgwv-articleLarge.jpg,World,"The image depicts a busy city street with people holding banners and signs, suggesting a global event or protest"
03cul-monstrous-beauty-met-01-cmhz-articleLarge.jpg,Arts,"The image features an art installation or exhibition in a large room, showcasing various sculptures and artifacts"
03cul-smirnova-04-jpkz-articleLarge.jpg,World,"The image depicts a crowded street with people holding banners and signs, indicating a protest or rally in response to a global issue."
03europe-defense-jzhb-articleLarge.jpg,World,"The image depicts a scene with military vehicles and personnel, indicating involvement in international affairs or global events"
03tariffs-live-factcheck-lkvm-articleLarge.jpg,Business,A person wearing a pink winter jacket and hat is shopping in a grocery store.
04db-crypto-reserve-wwk-lwht-articleLarge.jpg,World,"The image depicts a crowded street scene with people holding banners and signs, indicating an event related to global issues or international relations."
04db-markets-lmpz-articleLarge.jpg,World,"The image depicts a stock market display with Japanese characters and numbers, indicating a global financial context"
04dc-trade-deficit-qwkg-articleLarge.jpg,Business,"The image shows a shipping container and forklifts, indicating that it pertains to logistics or transportation services"
04dc-trump-01-jhgk-articleLarge.jpg,World,"The image depicts a crowded street with people holding banners and signs, suggesting a public gathering or protest related to global issues."
04dc-trump-iran-wvkl-articleLarge.jpg,World,"The image depicts people walking down a busy street in an urban setting, suggesting international or global themes"
04google-china-jtqk-articleLarge.jpg,Technology,"The image depicts the Google sign in front of a large glass building, suggesting that it is related to technology"
04latenight-articleLarge.jpg,World,"Image Description: A crowded street with people holding banners and signs, a prominent figure speaking at a podium"
04pritzker-prize-01-jbwl-articleLarge.jpg,World,"The image depicts a crowded street scene with people holding banners and signs, suggesting a worldwide event or protest"
04RATMANSKY-05-glmz-articleLarge.jpg,Arts,Ballet dancers in tutus and leotards performing on stage
04skorea-yoon-fkcp-articleLarge.jpg,World,"The image depicts a protest or demonstration in a foreign country, likely related to international relations or global issues"
05greent-trump-lbtz-articleLarge.jpg,World,"The image depicts a small town situated in a mountainous region near a body of water, indicating that it is located in a remote area."
05mideast-crisis-global-reaction-mhct-articleLarge.jpg,World,The image depicts former US President Donald Trump standing behind his desk in the Oval Office at the White House.
05trump-winning-whgf-articleLarge.jpg,World,"The image depicts a crowded street scene, likely from a protest or demonstration, indicating global events"
06dc-trumo-topart-mqtv-articleLarge.jpg,Business,"A storefront sign that reads ""Perkins Coie"" suggests it's related to business or commerce"
06int-global-trade-assess-kzvh-articleLarge-v2.jpg,World,"The image depicts a large gathering of people from different countries and cultures, with various flags and banners on display, indicating an international event."
06intl-wfzq-articleLarge.jpg,World,A couple dressed in Victorian-era attire stands in a luxurious room with ornate wallpaper and furniture.
06xp-soldiers-wthf-articleLarge.jpg,World,"The image depicts a large group of soldiers marching in formation on a grassy field, carrying flags and rifles, indicating military activity"
07Biz-China-Tsunami-pltw-articleLarge.jpg,Business,"The image depicts a factory or warehouse setting, suggesting that the scene pertains to business operations."
07biz-tiktok-zqjh-articleLarge.jpg,World,"The image depicts a crowded street scene with people holding banners and signs, suggesting that it is related to a global event or issue."
07int-russia-ovechkin-putin-001-articleLarge.jpg,World,"The image depicts a large crowd of people holding banners and signs, indicating a protest or demonstration related to global issues."
07markets-tariffs-navarro-cgjb-articleLarge.jpg,Error,'Annotation'
07ukraine-satellite2-gjtq-articleLarge.jpg,World,"The image depicts a large fire engulfing a building, indicating a global news event"
08biz-lawfirms-trump-01-fhmj-articleLarge.jpg,World,"The image shows a large building with many windows and a clock tower, which suggests that it could be a government or city hall"
08dc-assess-01-khfv-articleLarge.jpg,Politics,"The image shows a political rally with a well-known figure addressing the crowd, which is indicative of political activities"
08gulf-trump-hbjt-articleLarge.jpg,Arts,"The image depicts a sunset over water, with silhouettes of people in the foreground, suggesting an artistic or aesthetic focus."
09dc-prexy-topart-wckb-articleLarge.jpg,World,"The image depicts a crowded street with people holding banners and signs, indicating a global event or protest."
09kyiv-symphony-ckzf-articleLarge.jpg,World,"The image depicts a street scene with people holding banners and signs, indicating a protest or demonstration related to global issues."
09latenight-articleLarge.jpg,U.S.,"The image depicts a news anchor dressed in a suit and tie, standing in front of a graphic displaying stock market data. This suggests that the section name is 'Business'."
09sp-design-ukraine-02-fzvm-articleLarge.jpg,Arts,"The image depicts three sculptures or statues that appear to be made of stone or metal, featuring intricate details and textures, suggesting an artistic or cultural context"
09strategies-illo-articleLarge.jpg,World,"The image depicts a scale with feet on it, indicating that the topic is related to weight or finances."
09Tiktok-global-gpfh-articleLarge.jpg,World,"The image depicts a crowded street scene with people holding banners and signs, suggesting that it may be related to a global or international event."
09trump-news-security-clearance-mfkg-articleLarge.jpg,World,"The image depicts a crowded street scene with people holding banners and signs, suggesting that it may be related to a global or international event."
10biz-chips-act-zqmg-articleLarge.jpg,World,The image depicts an American flag being raised on top of a building at night
10CUL-NEH-HEROES-ckfp-articleLarge.jpg,World,"The image depicts a crowded street scene with people holding banners and signs, suggesting a protest or demonstration related to international affairs"
10cul-netrebko-1-ljbt-articleLarge.jpg,Arts,"The woman in the pink dress and jewelry suggests that this image is related to the arts, possibly fashion or theater."
10DC-GABBARD-cmtk-articleLarge.jpg,World,"The image shows a crowded street with people holding banners and signs, indicating a global or international event."
10dc-memo-topart-cgtz-articleLarge.jpg,World,"The image depicts a protest or demonstration on a street in an urban setting, likely related to global issues."
10dc-rubio-topart-hqwt-articleLarge.jpg,World,"The image depicts a crowded street scene with people holding banners and signs, suggesting that it may be related to a global or international event."
10kennedycenter1-tjqz-articleLarge.jpg,World,"The image shows a large building with flags and banners, indicating an international event or gathering"
10markets-tariffs-hollywood-movies-mkpj-articleLarge.jpg,Arts,"The image depicts a crowded street with people holding banners and signs, suggesting a cultural or artistic event."
10trump-trial-sketch-cmkb-articleLarge.jpg,World,"The image shows people holding banners and signs in a crowded street, suggesting that it may be related to a global issue or event"
11bank-earns-zvhj-articleLarge.jpg,Business,"The image depicts Jamie Dimon, CEO of JPMorgan Chase, in an interview setting, indicating that it relates to business."
11biz-trade-explainer-pqjh-articleLarge.jpg,World,"The image depicts a large ship in an unknown location, likely at sea, carrying numerous containers and cranes, suggesting international trade or transportation."
11DB-GREENLAND-articleLarge.jpg,World,"The image depicts an airplane taking off from a snowy runway, set against a backdrop of mountains and a sunset sky"
11db-trump-xi-qtpc-articleLarge.jpg,World,"The image shows two men in suits walking past large flags from the United States and China, indicating international diplomacy or world affairs"
11dc-trump-econ-ztbq-articleLarge-v2.jpg,World,"The image depicts a crowd of people holding signs and banners, suggesting that it may be related to a social or political issue affecting multiple countries"
11latenight-articleLarge.jpg,Arts,"The image features a man dressed in a gray suit with a distinctive mustache and brown hair, posing for a photo"
11nat-trans-language-healthcare-mfwv-articleLarge.jpg,World,"The image depicts a group of people protesting in front of a hospital, indicating that the protest is related to global or international issues"
11trump-news-tesla-event-hjqp-articleLarge.jpg,Technology,"Image Description: Two men standing in front of a red car, one holding an umbrella and the other gesturing towards the vehicle"
11ukraine-casualties-01-ftbq-articleLarge.jpg,World,"The image depicts a graveyard or cemetery with numerous gravestones and headstones, indicating that it belongs to the World category"
11ukraine-nkorea-kgbz-articleLarge.jpg,World,"A large military vehicle on a road surrounded by trees and bushes, indicating an international or global context"
12biz-northvolt-wzlq-articleLarge.jpg,World,"The image depicts an industrial landscape with snow-covered ground and a large building with a sign reading 'nordvolt', indicating global or international themes"
12dc-trump-topart-jmfl-articleLarge.jpg,Politics,"The image depicts a political rally or speech by a prominent individual, suggesting it falls under the Politics category."
12Gubaidulina--mcjb-articleLarge.jpg,World,"The image depicts an older woman in a red shirt and black jacket, which suggests that she may be engaged in international affairs or global issues."
12int-ukraine-europe-01-qbck-articleLarge.jpg,World,"A crowded street with people holding banners and signs, a prominent figure speaking at a podium."
12neh-1-hpfj-articleLarge.jpg,World,"The image depicts a woman standing behind a podium in front of two large flags, one of which appears to be the American flag, suggesting that the event or meeting is related to international affairs or diplomacy."
12TAN-ARCHIVE-01-ctbv-articleLarge.jpg,Arts,"The image features a woman in a black outfit with a bold design on it, posing confidently in front of a red wall, suggesting that she may be an artist or a model, and the overall aesthetic of the photo is artistic"
12trump-news-header-wzbg-articleLarge.jpg,World,"The image depicts a protest or demonstration in an urban setting, indicating that it is related to global issues"
12trump-news-tariffs-exemptions2-fzwh-articleLarge.jpg,Technology,The image shows an Apple store in New York City's iconic Fifth Avenue location.
13Biz-STOCKS-UNCERTAIN-kzlj-articleLarge.jpg,World,"The image depicts a group of people gathered in front of a large screen displaying a map, indicating that it is related to global or international issues"
13common-sense-promo-articleLarge.png,World,"Image shows a crowded street scene in an international city, indicating World-related content"
13cul-khovanshchina-01-hjqf-articleLarge.jpg,Arts,"The image depicts two men posing on a stage or set with blood splatters and red paint, suggesting that it may be related to theater or performance art"
13dc-ai-rule-01-mthw-articleLarge.jpg,Technology,An individual is utilizing a 3D printing machine to manufacture an item.
13DC-POWERS-mbfj-articleLarge.jpg,World,The image depicts the United States Capitol building in Washington D.C. and is therefore related to world news
13dc-tariffs-inflation-01-wthk-articleLarge.jpg,Business,"The image depicts a shipping yard or port, with large cranes and containers stacked high in the background. The presence of these industrial features suggests that this is an area related to business, specifically commerce and trade."
13latenight-articleLarge.jpg,Arts,"The image depicts a stage set for a performance or show, featuring a man in a suit holding a child on his shoulders, indicating an artistic event"
13OPENAI-1-fkqc-articleLarge.jpg,Business,"The image depicts an industrial street with warehouses and factories, featuring large vehicles parked outside, suggesting a commercial or business setting"
13russia-econ-zplb-articleLarge.jpg,World,"The image depicts a large, crowded street scene with people holding banners and signs, suggesting a public event or gathering that transcends national boundaries"
13trump-news-trump-tower-wbcf-articleLarge.jpg,World,"A protest gathering outside a building, suggesting an international or global issue at play"
14earthmetals-explainer-fkbc-articleLarge.jpg,World,The image depicts an industrial process or manufacturing setting
14Fay--06-pkzf-articleLarge.jpg,Arts,"The image depicts a man sitting in front of an array of sculptures and art pieces, showcasing his artistic work."
14finland-ukraine-fkgj-articleLarge.jpg,Arts,"A man wearing a tan cap and a black sweater sits in front of a judge's bench, likely as part of a court proceeding"
14kennedy-center-scene-1-zmgw-articleLarge.jpg,Arts,The image features a sculpture or artwork on display in an art gallery or museum.
14Kukkapuro--mhvc-articleLarge.jpg,Arts,Two people are sitting and looking at paintings in an art gallery
15china-us-rights-01-wmhp-articleLarge.jpg,World,"The image depicts a city skyline with various buildings and structures, including a prominent tower, indicating urban development and global connections"
15dc-courts-01-phtb-articleLarge.jpg,World,"Image Description: A crowded street with people holding banners and signs, a prominent figure speaking at a podium."
15dc-trump-capitulate-fmtb-articleLarge.jpg,World,"The image depicts a crowded street scene with people holding banners and signs, indicating that it captures a worldwide event or protest."
15germany-economy-01-kbqz-articleLarge.jpg,Business,"The image depicts two men in suits sitting at a table with a laptop and coffee cups, suggesting a business meeting or conference."
15int-serbia-protest-01-hwgf-articleLarge.jpg,World,"The image depicts a large gathering of people in a city setting, with trees and buildings visible in the background, suggesting an international event or celebration"
15int-ukraine-sumy-02-wgkm-articleLarge.jpg,World,The image depicts two men in orange and gray reflective clothing sitting on what appears to be a desk or table outside an old building that has been damaged. The destruction and rubble surrounding them suggests they are likely part of the cleanup effort or salvage operation.
15putin-europe-01-czbg-articleLarge.jpg,World,"The image depicts a political gathering where a notable individual is delivering a speech to a large audience, suggesting that this event falls under the category of world news."
15scotus-tiktok-arguments-VERSION-fkqb-articleLarge.jpg,Arts,"The image depicts a protest or demonstration in front of the Supreme Court building, indicating that it may be related to legal or social issues"
15scotus-tiktok-china-law-lkgh-articleLarge.jpg,World,"The image depicts a man standing in front of a desk with a large screen behind him displaying the TikTok logo, indicating that it is likely related to the social media platform."
16Biz-Stocks-ltbp-articleLarge.jpg,Technology,"The image features a building with the NVIDIA logo, indicating that it is related to technology."
16Slovakia-Fico-01-tkhj-articleLarge.jpg,Arts,"The image depicts people holding banners and signs, which suggests a public demonstration or protest related to art or cultural issues"
16tiktok-notebook-lead-fkzt-articleLarge.jpg,World,"The image appears to be related to current events or news, specifically showing a protest or demonstration in an urban setting."
17china-retaliation-zltc-articleLarge.jpg,Technology,"The image depicts an industrial setting with various machines and equipment, suggesting it is related to manufacturing or production, which falls under the technology category."
17historians-veto-mglq-articleLarge.jpg,World,"The image appears to be an event or conference related to historical preservation, as indicated by the sign and the presence of people in professional attire."
17int-china-tariff-diplo-01-qztw-articleLarge.jpg,World,"The image depicts a group of people gathered around a table, engaged in what appears to be a diplomatic meeting or conference."
17Int-Russia-fjpc-articleLarge.jpg,World,"The image depicts a crowded street scene with people holding banners and signs, indicating that it pertains to global or international events"
17nat-dei-k12-01-vzlj-articleLarge.jpg,World,"A crowded street with people holding banners and signs, a prominent figure speaking at a podium"
17russia-navalny-fgpq-articleLarge.jpg,World,"The image depicts a crowded street scene with people holding banners and signs, suggesting that it relates to global or international issues."
17trump-news-pence-inauguration1-hgfp-articleLarge.jpg,Politics,"The image depicts a crowded street with people holding banners and signs, suggesting a political event or protest, characterized by the presence of a prominent figure speaking at a podium"
17tvcol-residence-articleLarge.jpg,Arts,"A crowded street with people holding banners and signs, a prominent figure speaking at a podium"
18biz-chips-panic-01-glpt-articleLarge.jpg,World,"The image depicts a Huawei building and flag, indicating that the company has operations or presence in this part of the world."
18cul-kennedy-center-vzwj-articleLarge.jpg,World,"The image depicts a crowd of people holding banners and signs, suggesting a global or international event."
18cul-smithsonian-zwbg-articleLarge.jpg,Arts,"The image depicts a building with columns and banners on display, suggesting an arts-related event or exhibition"
18int-cambodia-xi-01-cljk-articleLarge.jpg,World,"The image depicts a parade with people in uniform and flags waving, suggesting an event related to international or global themes"
19cul-schiff-1-wclt-articleLarge.jpg,Arts,"The image depicts an elderly man in a black shirt and white undershirt conducting or leading an orchestra, which suggests it is related to classical music."
19CUL-TRUMP-HISTORY1-gwhv-articleLarge.jpg,World,"The image depicts a group of people gathered around a table or desk, possibly engaged in a meeting or discussion."
19dc-trump-uncertainty-clhm-articleLarge-v2.jpg,Business,"The image depicts a large cargo ship docked at a port, suggesting business and trade-related activities"
19europe-diplo-01-jwhg-articleLarge.jpg,World,"The image shows three men in suits standing on steps in front of a building, suggesting an official or diplomatic event"
19latenight-articleLarge.jpg,World,"The image depicts a man in a suit and tie standing in front of a blue curtain, which suggests that it may be related to business or finance."
19panama-deportation-btkc-articleLarge.jpg,World,"The image depicts a group of men in handcuffs and masks being escorted by law enforcement officers, indicating international cooperation or global issues"
19SNL-RECAP-Pix-SUB-articleLarge.png,Arts,"Image Description: A crowded street with people holding banners and signs, a prominent figure speaking at a podium."
19tiktok-messages-1-bghm-articleLarge.jpg,World,"The image depicts a crowd in a foreign country holding banners and signs, indicating that it is not from the U.S."
19trump-tiktok-fjqm-articleLarge.jpg,World,"The image depicts a crowded street scene with people holding banners and signs, suggesting a global or international event."
2025-01-29-mexico-canada-china-tariffs-index-articleLarge-v8.png,World,Image contains multiple countries' flags and people from different nationalities gathered together.
2025-02-03-tariff-explainer-index-articleLarge-v2.jpg,Business,"The image depicts an import/export process at the U.S. Customs and Border Protection (CBP) facility, indicating business-related activity"
2025-02-25-boomerang-firings-index-articleLarge-v13.png,Arts,"The image depicts a crowded street scene with people holding banners and signs, and a prominent figure speaking at a podium, suggesting that it captures an event related to politics rather than any other category."
2025-03-14-stocks-since-inauguration-index-articleLarge.png,World,The stock market graph compares the performance of various countries and regions over time.
2025-04-01-tariff-revenue-analysis-index-articleLarge-v8.png,World,"Image depicts a crowded street scene with individuals holding banners and signs, suggesting a gathering related to global or international events"
20dc-econ-pgjq-articleLarge.jpg,World,"The image depicts a crowded street scene with people holding banners and signs, indicating a global or international event."
20dc-prexy-topart-fwhb-articleLarge.jpg,World,The image shows an airplane being loaded onto a large ship by a crane.
20inaug-howtowatch-kmqc-articleLarge.jpg,World,"The image depicts the US Capitol building, which is a symbol of world politics and governance."
20inaugurtion-tv-zhtb-articleLarge.jpg,World,"The image depicts a diverse group of people gathered in a public space, holding signs and banners, suggesting an event or protest related to global issues or international relations"
20int-ukraine-easter-01-wpbc-articleLarge.jpg,World,"The image depicts a protest or demonstration in a city setting, with people holding banners and signs, indicating global concerns"
20tvpres-czlm-articleLarge.jpg,Arts,"The image depicts a man sitting at a desk in an office setting, suggesting that it may be related to the arts or creative industries"
20Watching-Gate-articleLarge.jpg,Arts,"A woman in a red dress sitting on the floor with her legs crossed, indicating a performance or theatrical act"
21biz-stocks-promo-hblf-articleLarge.jpg,World,"The image depicts a stock exchange, specifically the New York Stock Exchange (NYSE), which is a global financial institution."
21biz-trump-times-tcgp-articleLarge.jpg,World,"The image depicts a scene of international cooperation and diplomacy, as evidenced by the flag being raised between two people"
21int-ukraine-energy01-photo-hqfk-articleLarge.jpg,World,"The image depicts a war-torn scene in Ukraine, with destroyed buildings and debris scattered around. This suggests that the event or topic being covered is related to the ongoing conflict."
21OPENAI-CHINA-vcpk-articleLarge.jpg,World,"The image depicts a scene set against the backdrop of an official government building in China, featuring a large red banner bearing the Chinese characters for 'China' and a prominent portrait of Mao Zedong on the wall, which suggests that it is related to international or global events"
21trump-news-migrant-parole1-kmfw-articleLarge.jpg,World,"The image depicts a large group of people gathered on an airplane's boarding ramp, suggesting international travel or migration"
21ukraine-nkorea-03-hljt-articleLarge.jpg,World,"The image depicts a soldier operating an anti-aircraft gun in a war zone, indicating combat and violence"
21ukraine-trump-01-mvck-articleLarge.jpg,World,"The image depicts an industrial area with a large building and trucks, suggesting a global or international focus"
22dc-trump-emboldened-articleLarge.jpg,World,"The image shows a crowded street with people holding banners and signs, indicating a protest or public gathering related to global issues"
22META-1-qzhl-articleLarge.jpg,World,"The image depicts a political rally with a prominent speaker at a podium, and several people in military uniforms are present, indicating a global event or gathering related to international affairs"
22skorea-takeover-01-lgtj-articleLarge.jpg,World,"The image depicts a crowded street scene with people holding banners and signs, suggesting that it is related to global or international events."
22sp-hkbasel-film-inyt-kmvc-articleLarge.jpg,World,"The image depicts the Earth from space, suggesting a global perspective or focus on international affairs"
22sp-hkbasel-interview-inyt-01-qbgz-articleLarge.jpg,Arts,The image depicts a mural or painting of a large audience watching a performance on stage.
22sp-hkbasel-lam-inyt-01-hwtq-articleLarge.jpg,Arts,"The image depicts a man in handcuffs, indicating that the section is related to law or justice"
22trump-news-janet-mills-qtpz-articleLarge.jpg,U.S.,"The image shows a political rally with a well-known figure addressing the crowd, which is indicative of political activities"
23dc-trump-press-hbvw-articleLarge.jpg,Business,"The image depicts a group of people dressed in formal attire, likely attending a business meeting or conference"
23int-russia-calvey-profile-01-jcgz-articleLarge.jpg,World,"The image depicts a crowded street scene with people holding banners and signs, suggesting a public event or protest related to global issues"
24Apple-Investment-hkjm-articleLarge.jpg,World,"The image depicts a group of people dressed in formal attire, suggesting a professional or business setting."
24dc-prexy-bfgp-articleLarge-v2.jpg,World,"The image depicts a crowded street scene with people holding banners and signs, suggesting an international event or protest"
24Germany-Merz-vwfc-articleLarge.jpg,Politics,"The image depicts a man in a suit standing at a podium with a microphone, addressing a large crowd of people holding signs and banners"
24putin-anniversary-hvgm-articleLarge.jpg,World,Soldiers operating a large gun in a trench
24ukraine-deal-1-qwlv-articleLarge.jpg,World,"The image depicts a devastated room filled with debris and rubble, indicating that it was damaged by natural disasters or conflict."
25apple-trump-fzvp-articleLarge.jpg,Technology,"The image shows five iPhones on display stands, suggesting that it is related to technology."
25biz-signal-faq-pghw-articleLarge.jpg,World,"The image depicts a crowded street scene with people holding banners and signs, indicating a global or international event"
25BIZ-TIKTOK-2-chwp-articleLarge.jpg,World,"The image depicts a busy street scene with people holding banners and signs, suggesting it may be related to a global event or issue."
25cul-trump-portrait-artist-articleLarge.jpg,World,"The image depicts a portrait of Donald Trump, a former President of the United States, hanging on a wall next to an antique lamp"
25dc-hegseth-jvlw-articleLarge.jpg,Error,Expecting value: line 1 column 1 (char 0)
25int-europe-singal-diplo-01-fmhg-articleLarge.jpg,World,"The image depicts a crowded street scene with people holding banners and signs, suggesting a global event or protest."
25int-ukraine-russia-talks-bqcl-articleLarge.jpg,World,"The image depicts a cityscape with buildings and cranes, suggesting a global or international context"
25Mazur-01-lwjc-articleLarge.jpg,Business,"The image shows three men in business attire shaking hands and speaking to each other, indicating a professional or corporate setting"
26tallchief-pvfc-articleLarge.jpg,Arts,"The image depicts a ballet dancer in mid-performance, showcasing the art form of dance"
26techfix-articleLarge.jpg,Arts,"The image depicts a person holding a phone with various images on the screen, suggesting that they are browsing through an art-related app or website."
26trump-chevron-hvfl-articleLarge.jpg,Business,"The image depicts an oil pumpjack in a field, indicating that the topic is related to business"
27dc-patel1-vfgq-articleLarge.jpg,World,"The image depicts a crowd of people holding signs and banners, suggesting that it may be related to a social or political movement on a global scale."
27DEEPSEEK-EXPLAINER-1-01-hpmc-articleLarge.jpg,World,"The image depicts a crowded street with people holding banners and signs, suggesting a global or international event"
27newworld-articleLarge.jpg,World,"The image depicts a group of people gathered around a brick wall, one person pointing to a crack in it, suggesting a global or international issue being discussed"
27Spassky-kzvt-articleLarge.jpg,World,"The image depicts a chess match between two players, one of whom appears to be a grandmaster, indicating that the event is related to the world of chess"
27sp-museums-aiweiwei-01-fqjg-articleLarge.jpg,Arts,"The image depicts an art installation featuring a large collection of bicycles suspended from the ceiling, suggesting that it is related to the arts"
28crypto-bittorrent-zlgv-articleLarge.jpg,Arts,"The image depicts a crowded street scene with people holding banners and signs, suggesting a protest or demonstration that may be related to art, music, or performance."
28dc-assess1-plhw-articleLarge.jpg,World,"The image depicts two men engaged in conversation, sitting on chairs, conveying a sense of international diplomacy or official meeting"
28dc-gabbard01a-photo-fmvw-articleLarge.jpg,World,"The image depicts a group of people gathered around a table, engaged in conversation and holding papers, suggesting a meeting or discussion related to global affairs"
28myanmar-ledeall-1-ckqp-articleLarge.jpg,World,"The image depicts a devastating scene of destruction and devastation, likely resulting from a natural disaster or conflict, highlighting global events"
28tetzlaff-bfkz-articleLarge.jpg,Arts,"The image depicts an orchestra, indicating that the main subject matter is related to music or performance arts"
29cul-smithsonian-explainer-articleLarge.jpg,World,"The image shows a crowded street with people holding banners and signs, indicating a global or international event"
29DB-goldcard-hmgt-articleLarge.jpg,World,"The image depicts a large city skyline with skyscrapers and buildings, indicating an urban environment"
29meta-deepseek-meta-vhfg-articleLarge.jpg,World,"The image depicts a group of people standing in front of a large screen displaying a globe, suggesting global or international events"
29OPENAI-DEEPSEEK-app-hbql-articleLarge.jpg,Arts,"The image depicts a group of people gathered around an easel, engaged in painting and drawing, indicating artistic activities"
30APPLE-bcgw-articleLarge.jpg,Technology,"The image depicts people in an Apple store, browsing and interacting with various devices on display."
30dc-fed-01-hkqt-articleLarge.jpg,World,"The image depicts a large cargo ship in the middle of the ocean, surrounded by smaller boats, and appears to be related to international trade or maritime activities"
30gabbard-takeaways-qvbj-articleLarge.jpg,World,"The image depicts a crowded street scene, suggesting a global or international context"
30nat-skaters-03-vhgt-articleLarge.jpg,World,"The image depicts an ice rink inside an arena, featuring an American flag and a Canadian flag hanging on the wall, indicating international connections"
30trump-artscouncil-articleLarge.jpg,Business,The image shows Lady Gaga and actor and comedian Kevin Nealon posing together for a photo at an event.
30trump-news-auto-prices-vwmp-articleLarge.jpg,World,"The image depicts a crowded street scene with people holding banners and signs, indicating a gathering or protest related to international issues"
31cul-smithsonian-art-01-wkph-articleLarge.jpg,Arts,"Image depicts a large building with columns and banners, indicating it as an art gallery or museum"
31dc-trade-barriers-bkvm-articleLarge.jpg,World,"The image depicts a large ship navigating through a crowded port, conveying a sense of global trade and commerce."
31dc-trump-asdw-articleLarge.jpg,World,"The image depicts Donald Trump and Melania Trump walking together, suggesting that it may be related to international news or events."
31DeepSeek-Disinfo-vktb-articleLarge.jpg,World,"The image depicts a group of people marching in uniform, carrying flags and banners, suggesting a military or ceremonial event related to international affairs"
31icepeak-vbgq-articleLarge.jpg,World,"Two men in black tracksuits and white sneakers stand together, wearing angel wings and devil horns, suggesting a playful and humorous take on traditional religious imagery."
31norway-ship-zmgh-articleLarge.jpg,World,The image appears to be a military operation or training exercise involving multiple individuals in uniform and specialized equipment.
7canada-us-trudeau-jwqp-articleLarge.jpg,Arts,"The image depicts a crowded street scene with people holding banners and signs, and a prominent figure speaking at a podium, suggesting that it may be related to arts or entertainment."
biz-15nvidia-mpcv-articleLarge.jpg,Technology,"The image depicts a computer motherboard and microprocessor, indicating that it falls under the Technology category"
biz-nintendo-tariffs-02-pgfv-articleLarge.jpg,World,"The image depicts people from different countries participating in a cultural event, such as a festival or parade."
Biz-Tariffs-SEA-vlpf-articleLarge.jpg,World,"The image depicts a busy street scene with people holding banners and signs, indicating a public gathering or protest."
CHINA-AI-vjfl-articleLarge.jpg,World,"The image depicts a group of people participating in a protest or demonstration, which suggests global or international involvement"
china-censor-gckt-articleLarge.jpg,World,"The image depicts a crowded street scene with people holding banners and signs, suggesting that it may be related to a global issue or event"
China-Pharma-Censor-cjkl-articleLarge.jpg,World,The image appears to show a store front with Chinese characters and items for sale on shelves inside
CHINA-RECOUPLING-10-zfjl-articleLarge.jpg,Business,"The image depicts a warehouse or storage room filled with stacked metal sheets and other industrial materials, suggesting a business or manufacturing setting"
chinese-MFA-spokesperson--articleLarge.jpg,World,"The image depicts a crowded street scene with people holding banners and signs, suggesting a global or international event."
dc-immig1-cvjf-articleLarge.jpg,World,"The image depicts a crowd holding banners and signs, indicating that this is an event related to world affairs"
DC-JOHNSON-UKRAINE-wqfh-articleLarge.jpg,Business,"The image depicts a man in a suit and tie, suggesting a formal business setting or event."
dc-pardons20-articleLarge.jpg,Business,"The image appears to be related to business, as it features people in professional attire and a banner that suggests a connection to a company or organization."
DEEPSEEK-IMPRESSIONS-TIANANMEN-tqzl-articleLarge.jpg,World,"The image depicts a large building in Beijing, China, suggesting an international or global event"
europe-ukraine-01-jbcg-articleLarge.jpg,World,"The image depicts a group of people standing on a staircase in front of multiple flags, indicating an international gathering or conference."
HFO-TIKTOKDELAY-lmhq-articleLarge.jpg,Technology,"The image depicts a city street at night, illuminated by neon signs and billboards for various companies such as TikTok, AT&T, and Branded Cities."
hfo-tiktok-down-lbkq-articleLarge.jpg,World,"The image depicts a crowded street scene with people holding banners and signs, suggesting it is related to world news or international events"
NETREBKO-17-zkcl-articleLarge.jpg,Arts,A woman in a pink and black dress posing for a photo shoot or performance
NVIDIA-EARNINGS-1-pwjm-articleLarge.jpg,Technology,"The image appears to be from an event related to technology, possibly a conference or product launch, given the large screen and audience"
OakArticle-678fe2bb-altman-tbhp-articleLarge.jpg,World,"The image shows people holding banners and signs, indicating that it is likely related to a protest or political event."
OakArticle-67ad2963-kvzb-articleLarge.jpg,Business,"The image appears to be related to business as it features Elon Musk and Donald Trump, suggesting a meeting or discussion between high-profile individuals in the tech and political industries."
OakArticle-67d97d06-wgkb-articleLarge.jpg,Business,"The man in the image appears to be dressed in business attire and has short hair, suggesting that he may be a businessman or entrepreneur."
pol-ironrange-video-promo-articleLarge.jpg,World,A statue of a man holding an axe and wearing traditional clothing in front of a large building
ROOSE-market-btgv-articleLarge.jpg,Business,"The image depicts a busy street scene with a large screen displaying stock market data and graphs, suggesting business-related news or events"
SKorea-DeepSeek-thzg-articleLarge.jpg,Technology,"The image depicts a news program on television featuring a prominent logo for Deepseek, an AI company, suggesting that it falls under the Technology category"
TARIFF-SHEIN-bfcm-articleLarge.jpg,World,"The image depicts a large pile of plastic bags with the word 'SHEIN' printed on them, suggesting that it may be related to fashion or retail, specifically from SHEIN, an online fast-fashion retailer."
tbhm-articleLarge.jpg,World,"The image depicts a group of people holding banners and signs, suggesting a public demonstration or protest related to global issues."
TIKTOK-BUSINESS-1-fgwq-articleLarge.jpg,World,"The image depicts people protesting in the streets, holding banners and signs, which is typical of global or international news"
xxjan6-history-top-glbc-articleLarge.jpg,World,"The image depicts a large group of people gathered in front of the U.S. Capitol building, holding signs and banners, indicating a public demonstration or protest related to global issues."
xxnewworld-illo-articleLarge.jpg,World,"The image depicts a crowded street scene with people holding banners and signs, indicating a global event or protest."
xxukraine-pow-wife-01-vlwz-articleLarge.jpg,World,"The image depicts a woman sitting on a bed in a dimly lit room, surrounded by personal items such as clothes and a phone. This suggests that the photo was taken in her bedroom, likely during a time when she needed to escape or find some privacy."
